2005 Q1,*Total,*Total,"428,907","121,258","60,550","26,335","2,683","15,943","6,850","316,546"
2005 Q1,Africa North,*Total Africa North,"16,325","2,960",413,"1,622",29,471,87,"13,703"
2005 Q1,Africa Sub-Saharan,*Total Africa Sub-Saharan,"74,109","21,224","11,967","3,360",36,"3,563",753,"54,430"
2005 Q1,America North,*Total America North,"6,680","6,376","3,856",555,0,857,823,589
2005 Q1,America Central and South,*Total America Central and South,"11,561","4,697","1,135","1,800",90,739,231,"7,566"
2005 Q1,Asia Central,*Total Asia Central,"3,326",948,121,265,24,353,104,"2,459"
2005 Q1,Asia East,*Total Asia East,"33,590","10,831","3,017","6,812",77,428,280,"22,976"
2005 Q1,Asia South,*Total Asia South,"127,816","31,256","14,020","6,616",25,"5,627","2,915","98,613"
2005 Q1,Asia South East,*Total Asia South East,"26,512","8,962","4,099","1,831","1,106","1,201",213,"18,062"
2005 Q1,EU 14,*Total EU 14,9,4,0,1,0,0,2,6
2005 Q1,EU 2,*Total EU 2,"13,124","4,442","3,676",171,34,142,261,"8,840"
2005 Q1,EU 8,*Total EU 8,13,2,1,0,0,1,0,11
2005 Q1,EU Other,*Total EU Other,"4,167",274,108,66,9,37,2,"3,945"
2005 Q1,Europe Other,*Total Europe Other,"60,100","9,930","5,061","1,229","1,101","1,209",187,"51,313"
2005 Q1,Middle East,*Total Middle East,"33,868","4,142",554,"1,902",149,608,443,"30,212"
2005 Q1,Oceania,*Total Oceania,"15,156","14,855","12,483",79,0,670,547,"1,377"
2005 Q1,Other,*Total Other,"2,551",355,39,26,3,37,2,"2,444"
2005 Q2,*Total,*Total,"665,996","159,061","75,095","40,822","6,257","17,903","8,385","517,534"
2005 Q2,Africa North,*Total Africa North,"24,943","3,662",951,"1,594",217,443,72,"21,666"
2005 Q2,Africa Sub-Saharan,*Total Africa Sub-Saharan,"91,951","21,577","12,070","2,724",53,"4,193",840,"72,071"
2005 Q2,America North,*Total America North,"10,185","9,695","5,218","1,481",0,"1,024","1,587",875
2005 Q2,America Central and South,*Total America Central and South,"18,851","6,320","1,561","2,946",60,784,317,"13,183"
2005 Q2,Asia Central,*Total Asia Central,"5,526","2,233",152,"1,617",54,254,51,"3,398"
2005 Q2,Asia East,*Total Asia East,"59,802","17,182","3,013","12,827",146,587,273,"42,956"
2005 Q2,Asia South,*Total Asia South,"204,877","35,601","17,281","5,410",32,"6,729","3,296","172,129"
2005 Q2,Asia South East,*Total Asia South East,"37,750","12,190","7,619","2,364",260,"1,022",261,"26,224"
2005 Q2,EU 14,*Total EU 14,20,3,0,1,0,0,0,19
2005 Q2,EU 2,*Total EU 2,"18,134","5,237","4,389",255,73,147,182,"13,088"
2005 Q2,EU 8,*Total EU 8,16,6,2,1,0,0,2,11
2005 Q2,EU Other,*Total EU Other,"5,544",642,167,378,24,24,0,"4,951"
2005 Q2,Europe Other,*Total Europe Other,"99,109","23,875","10,552","5,744","4,648","1,437",268,"76,460"
2005 Q2,Middle East,*Total Middle East,"71,911","6,906",936,"3,300",661,609,725,"65,680"
2005 Q2,Oceania,*Total Oceania,"13,805","13,394","11,128",138,0,600,508,"1,431"
2005 Q2,Other,*Total Other,"3,572",538,56,42,29,50,3,"3,392"
2005 Q3,*Total,*Total,"569,218","196,901","58,986","96,952","5,447","16,958","7,394","383,481"
2005 Q3,Africa North,*Total Africa North,"21,283","4,389",644,"2,502",152,548,57,"17,380"
2005 Q3,Africa Sub-Saharan,*Total Africa Sub-Saharan,"84,942","24,521","8,924","9,561",116,"3,119",777,"62,445"
2005 Q3,America North,*Total America North,"18,643","18,262","6,468","8,860",3,"1,079","1,434",799
2005 Q3,America Central and South,*Total America Central and South,"17,512","8,508","1,780","4,818",52,756,388,"9,718"
2005 Q3,Asia Central,*Total Asia Central,"5,656","2,420",119,"1,692",14,410,77,"3,344"
2005 Q3,Asia East,*Total Asia East,"67,067","30,419","2,872","26,347",59,506,294,"36,989"
2005 Q3,Asia South,*Total Asia South,"153,546","48,525","16,893","19,936",49,"6,593","2,260","107,815"
2005 Q3,Asia South East,*Total Asia South East,"34,104","15,329","5,053","8,251",166,971,272,"19,391"
2005 Q3,EU 14,*Total EU 14,11,6,2,0,0,0,2,7
2005 Q3,EU 2,*Total EU 2,"15,719","3,849","2,308",852,25,212,287,"12,035"
2005 Q3,EU 8,*Total EU 8,18,4,1,0,1,1,0,15
2005 Q3,EU Other,*Total EU Other,"3,982",659,249,299,10,41,9,"3,374"
2005 Q3,Europe Other,*Total Europe Other,"71,841","18,487","4,682","6,155","4,407","1,543",237,"54,817"
2005 Q3,Middle East,*Total Middle East,"60,435","10,326",835,"6,997",376,616,808,"50,803"
2005 Q3,Oceania,*Total Oceania,"11,025","10,603","8,119",608,0,506,482,"1,310"
2005 Q3,Other,*Total Other,"3,434",594,37,74,17,57,10,"3,239"
2005 Q4,*Total,*Total,"401,303","109,081","48,835","27,475","1,447","15,520","5,792","302,234"
2005 Q4,Africa North,*Total Africa North,"16,587","3,598",565,"1,869",77,513,50,"13,513"
2005 Q4,Africa Sub-Saharan,*Total Africa Sub-Saharan,"61,393","17,439","8,665","3,196",100,"3,077",633,"45,722"
2005 Q4,America North,*Total America North,"6,895","6,629","3,512","1,084",0,870,878,551
2005 Q4,America Central and South,*Total America Central and South,"11,688","5,053",946,"2,425",29,665,312,"7,311"
2005 Q4,Asia Central,*Total Asia Central,"4,023","1,092",134,425,19,363,52,"3,030"
2005 Q4,Asia East,*Total Asia East,"35,244","9,402","2,743","5,649",38,506,185,"26,123"
2005 Q4,Asia South,*Total Asia South,"108,135","30,718","14,778","6,217",12,"5,431","1,933","79,764"
2005 Q4,Asia South East,*Total Asia South East,"22,714","7,701","3,744","1,841",45,"1,228",248,"15,608"
2005 Q4,EU 14,*Total EU 14,7,3,0,0,0,1,1,5
2005 Q4,EU 2,*Total EU 2,"14,698","2,696","1,911",167,21,151,229,"12,219"
2005 Q4,EU 8,*Total EU 8,22,4,0,0,0,0,0,22
2005 Q4,EU Other,*Total EU Other,"4,086",300,96,78,5,28,6,"3,873"
2005 Q4,Europe Other,*Total Europe Other,"69,087","9,322","3,013","2,080","1,073","1,513",183,"61,225"
2005 Q4,Middle East,*Total Middle East,"33,742","4,567",497,"2,265",25,685,493,"29,777"
2005 Q4,Oceania,*Total Oceania,"10,414","10,111","8,206",160,0,455,586,"1,007"
2005 Q4,Other,*Total Other,"2,568",446,25,19,3,34,3,"2,484"
2006 Q1,*Total,*Total,"441,273","127,537","62,771","30,242","2,915","16,117","5,888","323,340"
2006 Q1,Africa North,*Total Africa North,"17,956","3,588",545,"1,926",100,550,80,"14,755"
2006 Q1,Africa Sub-Saharan,*Total Africa Sub-Saharan,"55,710","18,636","9,721","3,082",40,"3,275",684,"38,908"
2006 Q1,America North,*Total America North,"7,055","6,669","4,086",538,0,905,839,687
2006 Q1,America Central and South,*Total America Central and South,"11,581","4,674","1,119","1,755",80,748,290,"7,589"
2006 Q1,Asia Central,*Total Asia Central,"3,812",973,118,304,7,353,94,"2,936"
2006 Q1,Asia East,*Total Asia East,"39,070","12,063","3,712","7,283",46,555,243,"27,231"
2006 Q1,Asia South,*Total Asia South,"139,782","35,477","17,556","8,646",19,"5,121","1,934","106,506"
2006 Q1,Asia South East,*Total Asia South East,"26,720","9,181","4,050","1,853","1,051","1,385",284,"18,097"
2006 Q1,EU 14,*Total EU 14,5,3,0,0,0,0,1,4
2006 Q1,EU 2,*Total EU 2,"15,600","4,502","3,589",251,25,159,304,"11,272"
2006 Q1,EU 8,*Total EU 8,10,0,0,0,0,0,0,10
2006 Q1,EU Other,*Total EU Other,"2,826",262,135,48,3,25,3,"2,612"
2006 Q1,Europe Other,*Total Europe Other,"66,910","13,710","6,837","2,290","1,489","1,676",178,"54,440"
2006 Q1,Middle East,*Total Middle East,"38,854","4,441",551,"2,147",48,701,433,"34,974"
2006 Q1,Oceania,*Total Oceania,"13,174","12,938","10,732",89,0,615,509,"1,229"
2006 Q1,Other,*Total Other,"2,208",420,20,30,7,49,12,"2,090"
2006 Q2,*Total,*Total,"686,671","163,339","74,069","40,571","12,638","16,997","7,933","534,463"
2006 Q2,Africa North,*Total Africa North,"26,022","4,616","1,044","2,151",215,639,46,"21,927"
2006 Q2,Africa Sub-Saharan,*Total Africa Sub-Saharan,"73,186","16,360","8,361","2,478",114,"2,779",716,"58,738"
2006 Q2,America North,*Total America North,"10,270","9,743","5,407","1,359",0,982,"1,627",895
2006 Q2,America Central and South,*Total America Central and South,"18,291","5,788","1,361","2,362",54,819,348,"13,347"
2006 Q2,Asia Central,*Total Asia Central,"7,236","2,646",194,"1,637",44,446,191,"4,724"
2006 Q2,Asia East,*Total Asia East,"68,149","16,798","3,298","12,269",110,570,258,"51,644"
2006 Q2,Asia South,*Total Asia South,"229,243","39,109","21,843","5,777",55,"6,290","2,529","192,749"
2006 Q2,Asia South East,*Total Asia South East,"37,434","12,091","7,426","2,044",211,"1,375",322,"26,056"
2006 Q2,EU 14,*Total EU 14,11,5,0,0,0,0,3,8
2006 Q2,EU 2,*Total EU 2,"19,979","4,944","3,662",241,53,194,601,"15,228"
2006 Q2,EU 8,*Total EU 8,15,5,1,0,0,0,3,11
2006 Q2,EU Other,*Total EU Other,393,88,38,15,3,18,7,312
2006 Q2,Europe Other,*Total Europe Other,"105,125","28,726","8,300","6,024","11,381","1,456",239,"77,725"
2006 Q2,Middle East,*Total Middle East,"73,423","7,335",823,"4,042",375,748,465,"66,970"
2006 Q2,Oceania,*Total Oceania,"15,048","14,595","12,280",151,0,630,574,"1,413"
2006 Q2,Other,*Total Other,"2,846",490,31,21,23,51,4,"2,716"
2006 Q3,*Total,*Total,"663,693","216,379","62,269","109,284","5,783","19,164","8,017","459,176"
2006 Q3,Africa North,*Total Africa North,"25,968","6,681",851,"4,000",508,662,94,"19,853"
2006 Q3,Africa Sub-Saharan,*Total Africa Sub-Saharan,"81,877","22,413","6,552","9,773",101,"3,130",609,"61,712"
2006 Q3,America North,*Total America North,"19,237","18,843","6,728","9,214",0,"1,072","1,372",851
2006 Q3,America Central and South,*Total America Central and South,"18,492","8,709","1,762","4,879",97,859,341,"10,554"
2006 Q3,Asia Central,*Total Asia Central,"6,982","3,296",216,"1,891",24,651,361,"3,839"
2006 Q3,Asia East,*Total Asia East,"82,980","33,873","3,747","28,840",86,570,335,"49,402"
2006 Q3,Asia South,*Total Asia South,"193,881","56,944","20,379","24,197",46,"7,426","2,244","139,589"
2006 Q3,Asia South East,*Total Asia South East,"39,717","18,225","6,349","9,224",126,"1,477",257,"22,284"
2006 Q3,EU 14,*Total EU 14,13,5,2,2,0,0,0,9
2006 Q3,EU 2,*Total EU 2,"17,976","4,167","1,926",899,55,298,795,"14,003"
2006 Q3,EU 8,*Total EU 8,21,5,1,0,0,0,0,20
2006 Q3,EU Other,*Total EU Other,610,272,87,134,0,30,4,355
2006 Q3,Europe Other,*Total Europe Other,"82,385","19,995","4,487","7,725","4,461","1,595",293,"63,824"
2006 Q3,Middle East,*Total Middle East,"78,953","11,733","1,081","7,825",264,818,781,"68,184"
2006 Q3,Oceania,*Total Oceania,"10,969","10,618","8,053",599,1,515,522,"1,279"
2006 Q3,Other,*Total Other,"3,632",600,48,82,14,61,9,"3,418"
2006 Q4,*Total,*Total,"436,624","116,437","50,525","31,017","1,879","17,841","5,721","329,641"
2006 Q4,Africa North,*Total Africa North,"17,774","4,134",676,"2,339",112,489,70,"14,088"
2006 Q4,Africa Sub-Saharan,*Total Africa Sub-Saharan,"64,928","16,288","6,930","3,416",41,"3,265",676,"50,600"
2006 Q4,America North,*Total America North,"7,562","7,296","3,935","1,341",0,900,821,565
2006 Q4,America Central and South,*Total America Central and South,"12,543","5,502","1,191","2,481",50,819,261,"7,741"
2006 Q4,Asia Central,*Total Asia Central,"5,832","2,030",174,753,14,560,405,"3,926"
2006 Q4,Asia East,*Total Asia East,"39,096","9,245","2,888","5,317",46,582,183,"30,080"
2006 Q4,Asia South,*Total Asia South,"125,397","35,780","17,318","7,512",19,"7,214","1,822","91,512"
2006 Q4,Asia South East,*Total Asia South East,"24,578","8,010","4,098","1,985",35,"1,076",283,"17,101"
2006 Q4,EU 14,*Total EU 14,6,2,1,0,0,0,0,5
2006 Q4,EU 2,*Total EU 2,"11,729","1,780","1,154",99,7,143,240,"10,086"
2006 Q4,EU 8,*Total EU 8,20,3,0,1,0,0,1,18
2006 Q4,EU Other,*Total EU Other,370,126,41,38,1,33,6,251
2006 Q4,Europe Other,*Total Europe Other,"78,558","10,516","3,160","2,537","1,511","1,531",232,"69,587"
2006 Q4,Middle East,*Total Middle East,"35,285","5,223",800,"3,022",40,674,134,"30,615"
2006 Q4,Oceania,*Total Oceania,"10,377","10,116","8,146",151,0,503,581,996
2006 Q4,Other,*Total Other,"2,569",386,13,25,3,52,6,"2,470"
2007 Q1,*Total,*Total,"446,247","130,561","60,346","31,627","3,167","18,892","7,879","324,336"
2007 Q1,Africa North,*Total Africa North,"16,465","3,020",509,"1,460",72,469,47,"13,908"
2007 Q1,Africa Sub-Saharan,*Total Africa Sub-Saharan,"59,218","17,359","7,655","3,514",29,"3,503",900,"43,617"
2007 Q1,America North,*Total America North,"7,480","7,078","4,578",583,0,907,750,662
2007 Q1,America Central and South,*Total America Central and South,"13,034","5,680","1,150","2,568",78,994,302,"7,942"
2007 Q1,Asia Central,*Total Asia Central,"5,442","2,220",205,709,27,656,513,"3,332"
2007 Q1,Asia East,*Total Asia East,"39,414","11,864","3,964","6,669",87,563,263,"27,868"
2007 Q1,Asia South,*Total Asia South,"148,571","40,926","18,323","9,343",35,"7,474","3,814","109,582"
2007 Q1,Asia South East,*Total Asia South East,"28,739","9,402","4,340","1,715",957,"1,513",389,"19,825"
2007 Q1,EU 14,*Total EU 14,8,4,1,0,0,0,0,7
2007 Q1,EU 2,*Total EU 2,28,6,4,0,0,0,1,23
2007 Q1,EU 8,*Total EU 8,16,4,1,0,0,0,1,14
2007 Q1,EU Other,*Total EU Other,321,108,39,27,1,23,7,224
2007 Q1,Europe Other,*Total Europe Other,"73,345","13,225","6,412","2,225","1,833","1,325",201,"61,349"
2007 Q1,Middle East,*Total Middle East,"36,933","4,885",852,"2,701",43,753,100,"32,484"
2007 Q1,Oceania,*Total Oceania,"14,657","14,365","12,283",91,0,614,582,"1,087"
2007 Q1,Other,*Total Other,"2,576",415,30,22,5,98,9,"2,412"
2007 Q2,*Total,*Total,"628,923","148,264","58,054","38,156","15,445","15,047","11,589","490,632"
2007 Q2,Africa North,*Total Africa North,"25,032","4,043","1,022","1,410",515,498,72,"21,515"
2007 Q2,Africa Sub-Saharan,*Total Africa Sub-Saharan,"68,055","15,205","6,285","2,536",39,"3,063","1,508","54,624"
2007 Q2,America North,*Total America North,"9,471","8,975","5,113","1,422",1,957,"1,151",827
2007 Q2,America Central and South,*Total America Central and South,"18,756","6,542","1,366","3,043",138,873,271,"13,065"
2007 Q2,Asia Central,*Total Asia Central,"7,821","2,428",153,"1,171",242,347,363,"5,545"
2007 Q2,Asia East,*Total Asia East,"69,677","15,397","3,087","10,948",238,561,287,"54,556"
2007 Q2,Asia South,*Total Asia South,"201,387","36,626","17,418","6,252",58,"4,912","5,387","167,360"
2007 Q2,Asia South East,*Total Asia South East,"38,158","11,631","5,553","2,485",261,"1,210","1,517","27,132"
2007 Q2,EU 14,*Total EU 14,8,5,1,0,0,0,0,7
2007 Q2,EU 2,*Total EU 2,19,12,4,1,0,2,0,12
2007 Q2,EU 8,*Total EU 8,10,3,1,0,0,0,0,9
2007 Q2,EU Other,*Total EU Other,408,99,38,21,1,24,9,315
2007 Q2,Europe Other,*Total Europe Other,"107,033","27,080","6,728","4,881","12,848","1,209",235,"81,132"
2007 Q2,Middle East,*Total Middle East,"67,374","7,444","1,037","3,760","1,090",666,224,"60,597"
2007 Q2,Oceania,*Total Oceania,"12,565","12,159","10,200",157,0,602,554,"1,052"
2007 Q2,Other,*Total Other,"3,149",615,48,69,14,123,11,"2,884"
2007 Q3,*Total,*Total,"608,216","209,755","49,533","112,444","10,045","16,703","12,281","407,210"
2007 Q3,Africa North,*Total Africa North,"20,996","5,008",833,"2,696",453,521,59,"16,434"
2007 Q3,Africa Sub-Saharan,*Total Africa Sub-Saharan,"75,989","21,828","5,048","10,176",407,"2,991","1,545","55,822"
2007 Q3,America North,*Total America North,"20,350","20,005","6,643","10,786",2,949,"1,265",705
2007 Q3,America Central and South,*Total America Central and South,"18,239","8,938","1,529","5,342",195,995,265,"9,913"
2007 Q3,Asia Central,*Total Asia Central,"7,739","4,220",174,"2,099",201,801,800,"3,664"
2007 Q3,Asia East,*Total Asia East,"86,187","35,212","3,668","29,827",547,537,322,"51,286"
2007 Q3,Asia South,*Total Asia South,"168,564","52,728","15,358","23,161",202,"6,128","5,863","117,852"
2007 Q3,Asia South East,*Total Asia South East,"40,806","17,370","3,883","10,205",173,"1,235","1,255","24,055"
2007 Q3,EU 14,*Total EU 14,19,14,0,5,0,0,2,12
2007 Q3,EU 2,*Total EU 2,10,5,1,2,0,0,1,6
2007 Q3,EU 8,*Total EU 8,22,6,0,1,0,1,0,20
2007 Q3,EU Other,*Total EU Other,477,252,74,129,0,30,6,238
2007 Q3,Europe Other,*Total Europe Other,"85,799","22,123","4,706","7,813","6,904","1,301",283,"64,792"
2007 Q3,Middle East,*Total Middle East,"71,089","12,841",984,"9,320",940,766,191,"58,888"
2007 Q3,Oceania,*Total Oceania,"9,134","8,603","6,583",728,0,359,406,"1,058"
2007 Q3,Other,*Total Other,"2,796",602,49,154,21,89,18,"2,465"
2007 Q4,*Total,*Total,"379,248","105,221","37,893","30,825","4,487","13,747","10,339","281,957"
2007 Q4,Africa North,*Total Africa North,"15,701","3,287",712,"1,319",302,505,28,"12,835"
2007 Q4,Africa Sub-Saharan,*Total Africa Sub-Saharan,"54,726","15,858","5,281","3,462","1,059","2,835","1,589","40,500"
2007 Q4,America North,*Total America North,"7,429","7,203","3,574","2,071",1,690,642,451
2007 Q4,America Central and South,*Total America Central and South,"12,819","6,222",983,"3,232",144,958,224,"7,278"
2007 Q4,Asia Central,*Total Asia Central,"5,357","1,815",144,451,257,466,378,"3,661"
2007 Q4,Asia East,*Total Asia East,"39,301","9,623","2,702","5,179",532,502,458,"29,928"
2007 Q4,Asia South,*Total Asia South,"103,233","30,182","12,502","6,451",277,"4,408","4,991","74,604"
2007 Q4,Asia South East,*Total Asia South East,"26,545","8,453","2,406","2,861",132,"1,204","1,178","18,764"
2007 Q4,EU 14,*Total EU 14,10,5,2,2,0,0,0,6
2007 Q4,EU 2,*Total EU 2,7,6,4,0,0,1,1,1
2007 Q4,EU 8,*Total EU 8,22,5,1,1,0,0,0,20
2007 Q4,EU Other,*Total EU Other,298,122,35,39,1,27,5,191
2007 Q4,Europe Other,*Total Europe Other,"69,388","8,748","2,932","1,880","1,453","1,118",198,"61,807"
2007 Q4,Middle East,*Total Middle East,"34,031","5,936",657,"3,654",323,598,199,"28,600"
2007 Q4,Oceania,*Total Oceania,"7,561","7,263","5,933",168,1,317,438,704
2007 Q4,Other,*Total Other,"2,820",493,25,55,5,118,10,"2,607"
2008 Q1,*Total,*Total,"395,013","116,992","44,125","33,980","5,949","14,305","11,780","284,874"
2008 Q1,Africa North,*Total Africa North,"16,710","3,618",571,"1,845",330,485,27,"13,452"
2008 Q1,Africa Sub-Saharan,*Total Africa Sub-Saharan,"48,933","15,743","5,743","3,166",786,"2,744","1,776","34,718"
2008 Q1,America North,*Total America North,"7,027","6,697","3,805","1,080",5,822,776,539
2008 Q1,America Central and South,*Total America Central and South,"11,957","6,001","1,066","2,985",165,"1,073",174,"6,494"
2008 Q1,Asia Central,*Total Asia Central,"4,371","1,474",129,294,195,394,329,"3,030"
2008 Q1,Asia East,*Total Asia East,"38,757","12,111","3,603","6,329",878,585,514,"26,848"
2008 Q1,Asia South,*Total Asia South,"125,563","36,440","14,215","9,154",377,"4,991","6,289","90,537"
2008 Q1,Asia South East,*Total Asia South East,"28,456","8,581","2,706","2,623",446,"1,268","1,131","20,282"
2008 Q1,EU 14,*Total EU 14,15,9,4,0,0,1,3,7
2008 Q1,EU 2,*Total EU 2,18,4,3,1,0,0,0,14
2008 Q1,EU 8,*Total EU 8,11,2,1,0,0,1,0,9
2008 Q1,EU Other,*Total EU Other,290,97,32,29,1,24,1,203
2008 Q1,Europe Other,*Total Europe Other,"61,318","8,126","2,831","1,438","1,969",888,158,"54,034"
2008 Q1,Middle East,*Total Middle East,"38,981","7,825",786,"4,879",767,619,178,"31,752"
2008 Q1,Oceania,*Total Oceania,"10,222","9,876","8,605",114,2,327,412,762
2008 Q1,Other,*Total Other,"2,384",388,25,43,28,83,12,"2,193"
2008 Q2,*Total,*Total,"605,196","137,881","50,698","36,200","16,479","13,406","12,327","476,086"
2008 Q2,Africa North,*Total Africa North,"23,249","4,813","1,073","2,193",636,461,14,"18,872"
2008 Q2,Africa Sub-Saharan,*Total Africa Sub-Saharan,"65,571","14,791","5,659","1,897","1,413","2,691","1,568","52,343"
2008 Q2,America North,*Total America North,"9,940","9,503","4,549","2,497",33,871,"1,288",702
2008 Q2,America Central and South,*Total America Central and South,"18,376","6,797","1,240","3,388",258,918,226,"12,346"
2008 Q2,Asia Central,*Total Asia Central,"6,182","1,525",121,241,477,339,215,"4,789"
2008 Q2,Asia East,*Total Asia East,"62,495","17,624","3,349","10,320","2,323",551,809,"45,143"
2008 Q2,Asia South,*Total Asia South,"191,164","35,625","16,437","5,309",915,"4,610","6,216","157,677"
2008 Q2,Asia South East,*Total Asia South East,"39,148","12,037","5,057","3,945",288,"1,098","1,126","27,634"
2008 Q2,EU 14,*Total EU 14,7,5,1,0,0,0,1,5
2008 Q2,EU 2,*Total EU 2,9,3,1,1,1,0,0,6
2008 Q2,EU 8,*Total EU 8,18,3,0,0,0,0,0,18
2008 Q2,EU Other,*Total EU Other,385,137,82,17,3,24,3,256
2008 Q2,Europe Other,*Total Europe Other,"99,811","14,468","3,428","1,766","7,219",915,187,"86,296"
2008 Q2,Middle East,*Total Middle East,"75,557","9,915",811,"4,519","2,865",504,247,"66,611"
2008 Q2,Oceania,*Total Oceania,"10,672","10,173","8,868",76,2,336,418,972
2008 Q2,Other,*Total Other,"2,612",462,22,31,46,88,9,"2,416"
2008 Q3,*Total,*Total,"590,439","220,962","48,440","125,081","14,137","14,061","10,903","377,817"
2008 Q3,Africa North,*Total Africa North,"23,503","6,491",789,"4,092",655,458,40,"17,469"
2008 Q3,Africa Sub-Saharan,*Total Africa Sub-Saharan,"74,037","24,755","5,906","10,983","1,964","2,769","1,590","50,825"
2008 Q3,America North,*Total America North,"21,367","21,045","6,711","11,749",27,960,"1,265",655
2008 Q3,America Central and South,*Total America Central and South,"17,903","9,283","1,426","5,830",207,973,237,"9,230"
2008 Q3,Asia Central,*Total Asia Central,"7,522","3,412",213,"1,768",530,428,346,"4,237"
2008 Q3,Asia East,*Total Asia East,"70,156","37,511","3,307","30,561","1,921",534,906,"32,927"
2008 Q3,Asia South,*Total Asia South,"159,606","52,697","14,833","26,106",533,"4,354","4,797","108,983"
2008 Q3,Asia South East,*Total Asia South East,"42,565","19,121","3,604","12,819",264,"1,140",796,"23,942"
2008 Q3,EU 14,*Total EU 14,16,11,3,1,0,0,4,8
2008 Q3,EU 2,*Total EU 2,16,5,0,3,0,0,1,12
2008 Q3,EU 8,*Total EU 8,16,10,5,1,1,1,0,8
2008 Q3,EU Other,*Total EU Other,456,266,65,147,1,30,6,207
2008 Q3,Europe Other,*Total Europe Other,"82,237","20,017","4,419","6,955","6,192","1,262",216,"63,193"
2008 Q3,Middle East,*Total Middle East,"79,730","17,644",958,"13,023","1,790",721,282,"62,956"
2008 Q3,Oceania,*Total Oceania,"8,506","8,156","6,170",905,5,350,400,676
2008 Q3,Other,*Total Other,"2,803",538,31,138,47,81,17,"2,489"
2008 Q4,*Total,*Total,"363,957","108,341","41,448","36,714","5,673","11,772","6,450","261,900"
2008 Q4,Africa North,*Total Africa North,"16,272","3,521",591,"1,728",371,432,16,"13,134"
2008 Q4,Africa Sub-Saharan,*Total Africa Sub-Saharan,"52,024","16,104","6,128","3,328","1,401","2,913","1,074","37,180"
2008 Q4,America North,*Total America North,"8,825","8,611","4,042","3,007",24,665,678,409
2008 Q4,America Central and South,*Total America Central and South,"11,449","5,980",862,"3,398",87,909,163,"6,030"
2008 Q4,Asia Central,*Total Asia Central,"4,507","1,473",144,449,199,344,238,"3,133"
2008 Q4,Asia East,*Total Asia East,"35,531","8,871","2,469","4,555",635,447,509,"26,916"
2008 Q4,Asia South,*Total Asia South,"92,516","29,922","15,427","7,949",330,"3,080","2,031","63,699"
2008 Q4,Asia South East,*Total Asia South East,"24,461","8,240","2,043","3,877",114,941,949,"16,537"
2008 Q4,EU 14,*Total EU 14,5,4,0,0,0,1,0,4
2008 Q4,EU 2,*Total EU 2,11,2,2,0,0,0,0,9
2008 Q4,EU 8,*Total EU 8,5,1,0,0,0,0,0,5
2008 Q4,EU Other,*Total EU Other,191,86,30,25,2,13,4,117
2008 Q4,Europe Other,*Total Europe Other,"66,862","8,853","2,845","2,128","1,917",842,144,"58,986"
2008 Q4,Middle East,*Total Middle East,"41,178","8,914",620,"6,041",586,797,223,"32,911"
2008 Q4,Oceania,*Total Oceania,"7,683","7,384","6,227",193,1,310,410,542
2008 Q4,Other,*Total Other,"2,437",375,18,36,6,78,11,"2,288"
2009 Q1,*Total,*Total,"386,579","110,464","41,487","37,616","5,914","12,997","4,787","283,778"
2009 Q1,Africa North,*Total Africa North,"17,072","3,514",504,"1,759",347,457,41,"13,964"
2009 Q1,Africa Sub-Saharan,*Total Africa Sub-Saharan,"54,120","11,852","3,582","2,903",804,"2,502",593,"43,736"
2009 Q1,America North,*Total America North,"7,066","6,750","3,757","1,295",15,770,711,518
2009 Q1,America Central and South,*Total America Central and South,"10,941","5,390",858,"2,988",77,729,112,"6,177"
2009 Q1,Asia Central,*Total Asia Central,"4,108","1,439",85,289,235,380,334,"2,785"
2009 Q1,Asia East,*Total Asia East,"31,693","9,542","3,206","4,517",645,417,285,"22,623"
2009 Q1,Asia South,*Total Asia South,"112,271","35,803","16,488","11,582",426,"4,238","1,774","77,763"
2009 Q1,Asia South East,*Total Asia South East,"27,874","7,577","2,425","2,859",506,"1,066",342,"20,676"
2009 Q1,EU 14,*Total EU 14,3,3,0,1,0,0,1,1
2009 Q1,EU 2,*Total EU 2,17,12,8,0,1,1,0,7
2009 Q1,EU 8,*Total EU 8,4,0,0,0,0,0,0,4
2009 Q1,EU Other,*Total EU Other,219,79,39,19,2,7,5,147
2009 Q1,Europe Other,*Total Europe Other,"57,907","7,671","1,362","1,835","2,017",984,128,"51,581"
2009 Q1,Middle East,*Total Middle East,"51,527","10,822",563,"7,451",831,964,179,"41,539"
2009 Q1,Oceania,*Total Oceania,"9,926","9,679","8,597",96,6,382,276,569
2009 Q1,Other,*Total Other,"1,831",331,13,22,2,100,6,"1,688"
2009 Q2,*Total,*Total,"576,235","110,867","44,383","28,462","14,274","10,625","4,867","473,624"
2009 Q2,Africa North,*Total Africa North,"22,260","3,092",874,651,697,442,27,"19,569"
2009 Q2,Africa Sub-Saharan,*Total Africa Sub-Saharan,"88,678","9,283","2,894","1,178",918,"2,267",405,"81,016"
2009 Q2,America North,*Total America North,"9,113","8,697","4,482","1,783",28,749,"1,303",768
2009 Q2,America Central and South,*Total America Central and South,"15,984","3,860",844,"1,262",435,597,120,"12,726"
2009 Q2,Asia Central,*Total Asia Central,"6,289","1,461",82,178,540,278,225,"4,986"
2009 Q2,Asia East,*Total Asia East,"50,675","14,670","3,246","8,531","1,774",540,247,"36,337"
2009 Q2,Asia South,*Total Asia South,"173,523","32,935","17,617","7,340","1,091","3,278","1,764","142,433"
2009 Q2,Asia South East,*Total Asia South East,"36,725","9,866","4,818","3,259",427,728,160,"27,333"
2009 Q2,EU 14,*Total EU 14,4,4,1,0,0,0,0,3
2009 Q2,EU 2,*Total EU 2,10,2,1,0,0,0,0,9
2009 Q2,EU 8,*Total EU 8,4,4,0,0,0,1,0,3
2009 Q2,EU Other,*Total EU Other,205,97,39,12,7,14,1,132
2009 Q2,Europe Other,*Total Europe Other,"83,774","10,107","1,371",943,"5,963",761,119,"74,617"
2009 Q2,Middle East,*Total Middle East,"78,006","8,039",746,"3,205","2,349",537,227,"70,942"
2009 Q2,Oceania,*Total Oceania,"8,847","8,345","7,351",111,11,323,266,785
2009 Q2,Other,*Total Other,"2,138",405,17,9,34,110,3,"1,965"
2009 Q3,*Total,*Total,"609,481","240,217","36,945","166,289","11,954","11,468","3,918","378,907"
2009 Q3,Africa North,*Total Africa North,"21,246","4,777",565,"2,644",721,378,33,"16,905"
2009 Q3,Africa Sub-Saharan,*Total Africa Sub-Saharan,"103,060","21,911","3,084","12,140","1,281","2,835",524,"83,196"
2009 Q3,America North,*Total America North,"21,395","20,996","6,053","12,545",134,863,"1,070",730
2009 Q3,America Central and South,*Total America Central and South,"18,034","7,996","1,149","4,903",355,804,162,"10,661"
2009 Q3,Asia Central,*Total Asia Central,"6,249","2,923",124,"2,084",243,184,124,"3,490"
2009 Q3,Asia East,*Total Asia East,"80,066","46,936","2,801","41,296","1,806",487,213,"33,463"
2009 Q3,Asia South,*Total Asia South,"166,314","74,093","13,378","53,745",813,"2,701",777,"94,900"
2009 Q3,Asia South East,*Total Asia South East,"46,530","21,975","2,778","16,540",328,"1,405",328,"25,151"
2009 Q3,EU 14,*Total EU 14,3,2,0,0,0,1,0,2
2009 Q3,EU 2,*Total EU 2,13,5,1,0,1,1,1,9
2009 Q3,EU 8,*Total EU 8,9,5,2,1,0,0,0,6
2009 Q3,EU Other,*Total EU Other,307,189,37,115,7,10,2,136
2009 Q3,Europe Other,*Total Europe Other,"72,690","15,406","1,793","6,900","4,661",865,160,"58,311"
2009 Q3,Middle East,*Total Middle East,"64,525","16,377",789,"12,463","1,538",538,216,"48,981"
2009 Q3,Oceania,*Total Oceania,"6,646","6,224","4,370",848,48,345,302,733
2009 Q3,Other,*Total Other,"2,394",402,21,65,18,51,6,"2,233"
2009 Q4,*Total,*Total,"423,058","135,902","32,876","70,994","5,561","14,083","3,908","295,636"
2009 Q4,Africa North,*Total Africa North,"19,753","4,192",507,"2,360",524,430,24,"15,908"
2009 Q4,Africa Sub-Saharan,*Total Africa Sub-Saharan,"70,387","11,757","2,513","3,451",735,"2,774",415,"60,499"
2009 Q4,America North,*Total America North,"9,013","8,748","3,782","2,988",108,910,753,472
2009 Q4,America Central and South,*Total America Central and South,"11,576","4,563",678,"2,129",242,654,105,"7,768"
2009 Q4,Asia Central,*Total Asia Central,"5,182","2,071",69,569,103,624,518,"3,299"
2009 Q4,Asia East,*Total Asia East,"32,497","8,025","2,015","4,750",312,498,159,"24,763"
2009 Q4,Asia South,*Total Asia South,"131,380","66,042","14,281","42,258",665,"5,507","1,206","67,463"
2009 Q4,Asia South East,*Total Asia South East,"26,817","7,695","2,215","3,682",144,"1,063",192,"19,521"
2009 Q4,EU 14,*Total EU 14,7,5,1,3,0,0,1,2
2009 Q4,EU 2,*Total EU 2,5,1,0,0,0,0,0,5
2009 Q4,EU 8,*Total EU 8,6,3,1,0,0,0,0,5
2009 Q4,EU Other,*Total EU Other,220,122,35,43,4,20,0,118
2009 Q4,Europe Other,*Total Europe Other,"66,600","7,601","1,263","2,547","1,728",808,169,"60,085"
2009 Q4,Middle East,*Total Middle East,"41,424","8,785",617,"5,976",962,484,97,"33,288"
2009 Q4,Oceania,*Total Oceania,"6,178","5,862","4,887",214,27,242,256,552
2009 Q4,Other,*Total Other,"2,013",430,12,24,7,69,13,"1,888"
2010 Q1,*Total,*Total,"407,252","117,028","38,789","47,564","6,967","12,393","3,308","298,231"
2010 Q1,Africa North,*Total Africa North,"18,688","3,638",630,"1,658",509,450,30,"15,411"
2010 Q1,Africa Sub-Saharan,*Total Africa Sub-Saharan,"64,623","11,191","2,597","2,979",708,"2,844",402,"55,093"
2010 Q1,America North,*Total America North,"7,486","7,154","4,452",961,68,767,659,579
2010 Q1,America Central and South,*Total America Central and South,"11,527","5,039","1,092","2,064",326,843,124,"7,078"
2010 Q1,Asia Central,*Total Asia Central,"4,115","1,312",93,354,131,258,238,"3,041"
2010 Q1,Asia East,*Total Asia East,"35,939","11,253","3,997","5,440",774,506,249,"24,973"
2010 Q1,Asia South,*Total Asia South,"121,897","46,480","14,228","24,978",549,"3,806",801,"77,535"
2010 Q1,Asia South East,*Total Asia South East,"30,854","7,262","2,303","2,740",693,968,185,"23,965"
2010 Q1,EU 14,*Total EU 14,3,2,0,1,0,0,0,2
2010 Q1,EU 2,*Total EU 2,8,7,5,0,1,0,1,1
2010 Q1,EU 8,*Total EU 8,2,1,1,0,0,0,0,1
2010 Q1,EU Other,*Total EU Other,178,76,30,14,2,18,0,114
2010 Q1,Europe Other,*Total Europe Other,"58,829","6,650","1,055","1,545","1,872",973,154,"53,230"
2010 Q1,Middle East,*Total Middle East,"42,203","7,628",551,"4,705","1,306",484,74,"35,083"
2010 Q1,Oceania,*Total Oceania,"9,402","9,031","7,745",116,13,429,384,715
2010 Q1,Other,*Total Other,"1,498",304,10,9,15,47,7,"1,410"
2010 Q2,*Total,*Total,"636,871","123,503","46,005","35,336","17,377","12,296","4,273","521,584"
2010 Q2,Africa North,*Total Africa North,"25,534","3,844",875,"1,225",934,372,34,"22,094"
2010 Q2,Africa Sub-Saharan,*Total Africa Sub-Saharan,"92,984","10,834","2,921","1,510","1,406","2,723",534,"83,890"
2010 Q2,America North,*Total America North,"11,170","10,755","6,000","2,175",104,733,"1,249",909
2010 Q2,America Central and South,*Total America Central and South,"17,887","4,803",972,"1,573",695,827,143,"13,677"
2010 Q2,Asia Central,*Total Asia Central,"6,274","1,343",104,248,411,282,166,"5,063"
2010 Q2,Asia East,*Total Asia East,"65,511","15,637","2,542","10,500","1,549",525,191,"50,204"
2010 Q2,Asia South,*Total Asia South,"186,740","38,919","18,379","11,734","1,586","4,249",850,"149,942"
2010 Q2,Asia South East,*Total Asia South East,"39,362","10,397","4,988","2,768",553,"1,195",440,"29,418"
2010 Q2,EU 14,*Total EU 14,3,2,0,0,0,0,1,2
2010 Q2,EU 2,*Total EU 2,8,4,2,0,1,1,0,4
2010 Q2,EU 8,*Total EU 8,9,2,0,0,0,2,0,7
2010 Q2,EU Other,*Total EU Other,239,83,33,12,10,14,1,169
2010 Q2,Europe Other,*Total Europe Other,"98,054","11,561","1,628",796,"7,410",678,175,"87,367"
2010 Q2,Middle East,*Total Middle East,"83,136","7,254",735,"2,693","2,669",409,222,"76,408"
2010 Q2,Oceania,*Total Oceania,"8,055","7,636","6,798",95,18,216,263,665
2010 Q2,Other,*Total Other,"1,905",429,28,7,31,70,4,"1,765"
2010 Q3,*Total,*Total,"669,858","241,981","43,350","155,110","16,464","13,409","3,959","437,566"
2010 Q3,Africa North,*Total Africa North,"23,694","5,509",745,"3,037",779,499,43,"18,591"
2010 Q3,Africa Sub-Saharan,*Total Africa Sub-Saharan,"100,247","21,098","2,948","10,946","1,670","2,918",567,"81,198"
2010 Q3,America North,*Total America North,"22,350","22,007","6,709","12,861",200,858,911,811
2010 Q3,America Central and South,*Total America Central and South,"16,708","7,551","1,306","4,056",541,800,156,"9,849"
2010 Q3,Asia Central,*Total Asia Central,"7,049","3,345",132,"2,113",374,279,207,"3,944"
2010 Q3,Asia East,*Total Asia East,"107,824","54,202","2,987","46,261","3,610",655,252,"54,059"
2010 Q3,Asia South,*Total Asia South,"173,991","66,883","18,036","40,190","1,037","4,330",748,"109,650"
2010 Q3,Asia South East,*Total Asia South East,"50,546","20,085","2,711","14,974",488,"1,113",295,"30,965"
2010 Q3,EU 14,*Total EU 14,10,8,1,3,0,0,0,6
2010 Q3,EU 2,*Total EU 2,11,6,5,1,0,0,0,5
2010 Q3,EU 8,*Total EU 8,1,0,0,0,0,0,0,1
2010 Q3,EU Other,*Total EU Other,324,217,42,124,5,18,1,134
2010 Q3,Europe Other,*Total Europe Other,"81,076","16,430","2,084","6,401","5,716",953,255,"65,667"
2010 Q3,Middle East,*Total Middle East,"76,911","17,597",930,"13,176","1,945",521,301,"60,038"
2010 Q3,Oceania,*Total Oceania,"6,992","6,601","4,697",903,83,391,214,704
2010 Q3,Other,*Total Other,"2,124",442,17,64,16,74,9,"1,944"
2010 Q4,*Total,*Total,"430,640","114,454","32,593","47,534","8,383","14,211","3,817","324,102"
2010 Q4,Africa North,*Total Africa North,"19,938","3,813",532,"1,655",616,500,49,"16,586"
2010 Q4,Africa Sub-Saharan,*Total Africa Sub-Saharan,"75,106","12,650","2,275","3,935","1,036","3,124",507,"64,229"
2010 Q4,America North,*Total America North,"8,707","8,440","3,819","2,612",90,827,853,506
2010 Q4,America Central and South,*Total America Central and South,"10,864","4,358",673,"1,806",406,753,103,"7,123"
2010 Q4,Asia Central,*Total Asia Central,"4,851","1,581",92,402,226,389,309,"3,433"
2010 Q4,Asia East,*Total Asia East,"38,686","9,294","2,351","4,693","1,175",563,224,"29,680"
2010 Q4,Asia South,*Total Asia South,"112,950","45,135","14,126","22,074",721,"5,252",967,"69,810"
2010 Q4,Asia South East,*Total Asia South East,"28,533","7,533","2,193","3,079",299,"1,258",286,"21,418"
2010 Q4,EU 14,*Total EU 14,1,1,0,0,0,0,0,1
2010 Q4,EU 2,*Total EU 2,1,0,0,0,0,0,0,1
2010 Q4,EU 8,*Total EU 8,5,3,1,1,0,0,0,3
2010 Q4,EU Other,*Total EU Other,178,83,24,21,4,23,1,105
2010 Q4,Europe Other,*Total Europe Other,"77,207","7,659","1,407","1,632","2,689",710,153,"70,616"
2010 Q4,Middle East,*Total Middle East,"46,316","8,013",554,"5,406","1,094",432,113,"38,717"
2010 Q4,Oceania,*Total Oceania,"5,809","5,527","4,531",202,21,310,232,513
2010 Q4,Other,*Total Other,"1,488",364,15,16,6,70,20,"1,361"
2011 Q1,*Total,*Total,"465,214","129,399","39,861","57,106","8,913","11,843","3,641","343,850"
2011 Q1,Africa North,*Total Africa North,"16,206","2,957",623,999,495,395,31,"13,663"
2011 Q1,Africa Sub-Saharan,*Total Africa Sub-Saharan,"70,516","11,434","2,445","3,766",846,"2,329",384,"60,746"
2011 Q1,America North,*Total America North,"7,405","7,063","4,229",871,40,859,788,618
2011 Q1,America Central and South,*Total America Central and South,"11,279","4,651","1,157","1,732",426,616,134,"7,214"
2011 Q1,Asia Central,*Total Asia Central,"4,539","1,782",132,366,172,481,455,"2,933"
2011 Q1,Asia East,*Total Asia East,"41,540","11,695","4,451","5,199",952,517,273,"30,148"
2011 Q1,Asia South,*Total Asia South,"143,575","57,244","14,888","34,917",718,"4,055",806,"88,191"
2011 Q1,Asia South East,*Total Asia South East,"37,058","6,956","2,320","2,252","1,023",819,184,"30,460"
2011 Q1,EU 14,*Total EU 14,4,3,1,1,0,0,1,1
2011 Q1,EU 2,*Total EU 2,6,5,4,0,0,0,1,1
2011 Q1,EU 8,*Total EU 8,2,0,0,0,0,0,0,2
2011 Q1,EU Other,*Total EU Other,158,85,28,18,5,14,3,90
2011 Q1,Europe Other,*Total Europe Other,"70,667","7,610","1,527","1,314","2,697",658,136,"64,335"
2011 Q1,Middle East,*Total Middle East,"51,899","8,861",513,"5,553","1,511",545,154,"43,623"
2011 Q1,Oceania,*Total Oceania,"9,044","8,711","7,523",100,17,458,288,658
2011 Q1,Other,*Total Other,"1,316",342,20,18,11,97,3,"1,167"
2011 Q2,*Total,*Total,"728,719","130,579","42,457","44,818","21,322","9,800","3,584","606,738"
2011 Q2,Africa North,*Total Africa North,"21,817","2,420",926,305,464,296,18,"19,808"
2011 Q2,Africa Sub-Saharan,*Total Africa Sub-Saharan,"99,808","9,133","2,248","1,522","1,450","1,895",358,"92,335"
2011 Q2,America North,*Total America North,"10,128","9,707","5,147","2,004",35,905,"1,181",856
2011 Q2,America Central and South,*Total America Central and South,"17,310","4,331",852,"1,159","1,005",602,116,"13,576"
2011 Q2,Asia Central,*Total Asia Central,"7,347","1,488",112,235,483,293,174,"6,050"
2011 Q2,Asia East,*Total Asia East,"96,716","22,804","2,590","15,482","3,638",454,234,"74,318"
2011 Q2,Asia South,*Total Asia South,"204,100","42,058","16,350","17,818","1,794","3,161",578,"164,399"
2011 Q2,Asia South East,*Total Asia South East,"45,148","10,351","5,295","2,693",680,913,211,"35,356"
2011 Q2,EU 14,*Total EU 14,3,1,0,0,0,1,0,2
2011 Q2,EU 2,*Total EU 2,6,3,3,0,0,0,0,3
2011 Q2,EU 8,*Total EU 8,3,1,0,0,0,0,0,3
2011 Q2,EU Other,*Total EU Other,163,85,45,8,5,13,2,90
2011 Q2,Europe Other,*Total Europe Other,"114,043","11,644","1,500",715,"7,830",488,187,"103,323"
2011 Q2,Middle East,*Total Middle East,"102,577","8,650",878,"2,750","3,909",343,226,"94,471"
2011 Q2,Oceania,*Total Oceania,"7,983","7,553","6,501",122,13,334,297,716
2011 Q2,Other,*Total Other,"1,567",350,10,5,16,102,2,"1,432"
2011 Q3,*Total,*Total,"686,568","220,197","37,221","135,657","21,091","12,926","3,993","475,680"
2011 Q3,Africa North,*Total Africa North,"19,834","3,186",667,999,647,349,44,"17,128"
2011 Q3,Africa Sub-Saharan,*Total Africa Sub-Saharan,"101,191","17,948","2,195","10,162","1,446","1,976",387,"85,025"
2011 Q3,America North,*Total America North,"22,173","21,855","6,264","12,898",102,975,"1,133",801
2011 Q3,America Central and South,*Total America Central and South,"16,004","6,635","1,054","3,312","1,001",613,112,"9,912"
2011 Q3,Asia Central,*Total Asia Central,"7,540","3,307",106,"1,741",501,423,241,"4,528"
2011 Q3,Asia East,*Total Asia East,"119,004","56,328","3,048","48,713","3,280",503,274,"63,186"
2011 Q3,Asia South,*Total Asia South,"161,567","49,336","15,190","24,251","1,318","5,234",842,"114,732"
2011 Q3,Asia South East,*Total Asia South East,"53,069","20,222","2,344","15,143",892,"1,036",252,"33,402"
2011 Q3,EU 14,*Total EU 14,6,5,1,1,0,0,0,4
2011 Q3,EU 2,*Total EU 2,10,6,4,0,1,0,1,4
2011 Q3,EU 8,*Total EU 8,6,3,0,1,0,1,0,4
2011 Q3,EU Other,*Total EU Other,294,178,33,99,6,14,3,139
2011 Q3,Europe Other,*Total Europe Other,"101,133","19,234","1,682","6,845","8,597",805,278,"82,926"
2011 Q3,Middle East,*Total Middle East,"76,726","15,769",602,"10,498","3,239",579,184,"61,624"
2011 Q3,Oceania,*Total Oceania,"6,147","5,796","4,017",941,45,338,239,567
2011 Q3,Other,*Total Other,"1,864",389,14,53,16,80,3,"1,698"
2011 Q4,*Total,*Total,"394,916","84,632","29,771","24,289","10,080","10,371","2,937","317,468"
2011 Q4,Africa North,*Total Africa North,"15,981","1,903",545,368,286,347,26,"14,409"
2011 Q4,Africa Sub-Saharan,*Total Africa Sub-Saharan,"68,978","9,991","1,757","3,202","1,157","1,868",307,"60,687"
2011 Q4,America North,*Total America North,"7,649","7,461","3,756","2,157",77,636,608,415
2011 Q4,America Central and South,*Total America Central and South,"9,020","3,296",570,551,885,670,90,"6,254"
2011 Q4,Asia Central,*Total Asia Central,"5,465","1,485",158,234,346,334,238,"4,155"
2011 Q4,Asia East,*Total Asia East,"42,974","7,831","2,037","3,336","1,515",462,193,"35,431"
2011 Q4,Asia South,*Total Asia South,"88,632","27,332","12,274","7,877",643,"4,002",792,"63,044"
2011 Q4,Asia South East,*Total Asia South East,"28,025","5,956","2,230","2,017",428,759,178,"22,413"
2011 Q4,EU 14,*Total EU 14,4,2,1,0,0,0,0,3
2011 Q4,EU 2,*Total EU 2,3,2,1,0,0,1,0,1
2011 Q4,EU 8,*Total EU 8,3,1,0,0,0,0,0,3
2011 Q4,EU Other,*Total EU Other,136,81,29,22,0,14,0,71
2011 Q4,Europe Other,*Total Europe Other,"72,364","6,262","1,143",823,"2,616",528,127,"67,127"
2011 Q4,Middle East,*Total Middle East,"48,243","6,984",472,"3,440","2,096",422,152,"41,661"
2011 Q4,Oceania,*Total Oceania,"6,031","5,749","4,783",254,24,268,221,481
2011 Q4,Other,*Total Other,"1,408",296,15,8,7,60,5,"1,313"
2012 Q1,*Total,*Total,"454,765","94,493","39,140","21,792","12,868","10,635","2,558","367,772"
2012 Q1,Africa North,*Total Africa North,"17,381","2,704",591,589,674,520,19,"14,988"
2012 Q1,Africa Sub-Saharan,*Total Africa Sub-Saharan,"68,888","10,276","2,196","3,055","1,014","2,052",259,"60,312"
2012 Q1,America North,*Total America North,"6,565","6,318","4,101",676,48,703,522,515
2012 Q1,America Central and South,*Total America Central and South,"10,781","3,343","1,100",360,795,552,80,"7,894"
2012 Q1,Asia Central,*Total Asia Central,"4,468","1,132",145,206,223,261,117,"3,516"
2012 Q1,Asia East,*Total Asia East,"46,055","11,961","4,905","3,377","2,424",536,297,"34,516"
2012 Q1,Asia South,*Total Asia South,"117,653","29,748","14,565","7,865",924,"3,653",559,"90,087"
2012 Q1,Asia South East,*Total Asia South East,"38,790","6,451","2,463","1,560","1,003",818,219,"32,727"
2012 Q1,EU 14,*Total EU 14,4,4,0,1,0,1,0,2
2012 Q1,EU 2,*Total EU 2,5,2,2,0,0,0,0,3
2012 Q1,EU 8,*Total EU 8,2,1,1,0,0,0,0,1
2012 Q1,EU Other,*Total EU Other,159,87,40,4,3,17,1,94
2012 Q1,Europe Other,*Total Europe Other,"79,543","7,440","1,789",635,"3,229",767,170,"72,953"
2012 Q1,Middle East,*Total Middle East,"55,378","7,269",470,"3,384","2,503",477,68,"48,476"
2012 Q1,Oceania,*Total Oceania,"7,836","7,514","6,757",70,15,254,236,504
2012 Q1,Other,*Total Other,"1,257",243,15,10,13,24,11,"1,184"
2012 Q2,*Total,*Total,"707,409","120,751","41,245","32,481","24,951","10,492","3,294","594,946"
2012 Q2,Africa North,*Total Africa North,"22,419","2,809",822,327,841,369,20,"20,040"
2012 Q2,Africa Sub-Saharan,*Total Africa Sub-Saharan,"94,428","8,611","2,354","1,137","1,434","1,753",307,"87,443"
2012 Q2,America North,*Total America North,"10,087","9,669","5,472","1,740",43,915,"1,032",885
2012 Q2,America Central and South,*Total America Central and South,"17,808","4,112","1,221",466,"1,168",619,134,"14,200"
2012 Q2,Asia Central,*Total Asia Central,"7,441","1,241",159,159,492,191,88,"6,352"
2012 Q2,Asia East,*Total Asia East,"109,759","28,897","2,996","19,187","5,249",670,301,"81,356"
2012 Q2,Asia South,*Total Asia South,"176,198","28,534","16,054","4,566","1,718","3,411",498,"149,951"
2012 Q2,Asia South East,*Total Asia South East,"44,709","9,177","4,334","2,025",846,"1,073",291,"36,140"
2012 Q2,EU 14,*Total EU 14,1,0,0,0,0,0,0,1
2012 Q2,EU 2,*Total EU 2,5,3,2,0,1,0,0,2
2012 Q2,EU 8,*Total EU 8,4,1,0,0,0,0,0,4
2012 Q2,EU Other,*Total EU Other,212,102,53,10,5,8,0,136
2012 Q2,Europe Other,*Total Europe Other,"124,261","12,788","1,574",578,"8,965",596,189,"112,359"
2012 Q2,Middle East,*Total Middle East,"91,585","7,979",618,"2,140","4,157",443,169,"84,058"
2012 Q2,Oceania,*Total Oceania,"6,943","6,599","5,567",144,24,402,264,542
2012 Q2,Other,*Total Other,"1,549",229,19,2,8,42,1,"1,477"
2012 Q3,*Total,*Total,"643,211","208,324","35,402","132,281","18,648","9,851","3,119","443,910"
2012 Q3,Africa North,*Total Africa North,"21,211","4,633",627,"1,866","1,237",487,32,"16,962"
2012 Q3,Africa Sub-Saharan,*Total Africa Sub-Saharan,"93,303","16,425","2,075","9,302","1,376","1,496",306,"78,748"
2012 Q3,America North,*Total America North,"21,299","20,948","6,043","12,663",157,534,"1,070",832
2012 Q3,America Central and South,*Total America Central and South,"15,937","6,688",931,"3,735",872,540,105,"9,754"
2012 Q3,Asia Central,*Total Asia Central,"6,797","2,527",160,"1,448",438,178,67,"4,506"
2012 Q3,Asia East,*Total Asia East,"115,601","58,584","2,939","50,921","3,454",405,336,"57,546"
2012 Q3,Asia South,*Total Asia South,"139,312","39,260","14,426","16,607","1,127","4,066",500,"102,586"
2012 Q3,Asia South East,*Total Asia South East,"51,974","20,372","2,600","15,612",818,718,163,"32,063"
2012 Q3,EU 14,*Total EU 14,4,4,1,0,0,0,0,3
2012 Q3,EU 2,*Total EU 2,5,4,3,0,0,0,0,2
2012 Q3,EU 8,*Total EU 8,4,3,0,0,0,0,0,4
2012 Q3,EU Other,*Total EU Other,287,206,53,92,10,8,3,121
2012 Q3,Europe Other,*Total Europe Other,"88,948","16,556","1,495","7,053","6,138",699,196,"73,367"
2012 Q3,Middle East,*Total Middle East,"81,729","16,859",645,"12,018","2,935",449,179,"65,503"
2012 Q3,Oceania,*Total Oceania,"5,214","4,922","3,393",922,67,196,162,474
2012 Q3,Other,*Total Other,"1,586",333,11,42,19,75,0,"1,439"
2012 Q4,*Total,*Total,"423,377","83,972","29,323","23,195","11,884","9,171","2,729","347,075"
2012 Q4,Africa North,*Total Africa North,"19,989","3,134",540,731,"1,020",368,18,"17,312"
2012 Q4,Africa Sub-Saharan,*Total Africa Sub-Saharan,"66,118","9,470","1,737","3,591",953,"1,287",247,"58,303"
2012 Q4,America North,*Total America North,"7,299","7,080","3,540","2,054",114,193,924,474
2012 Q4,America Central and South,*Total America Central and South,"9,966","3,451",654,923,970,313,78,"7,028"
2012 Q4,Asia Central,*Total Asia Central,"6,087","1,647",125,395,361,442,182,"4,582"
2012 Q4,Asia East,*Total Asia East,"49,856","8,251","2,262","3,560","1,573",308,215,"41,938"
2012 Q4,Asia South,*Total Asia South,"85,013","24,101","12,077","4,270",809,"4,519",519,"62,819"
2012 Q4,Asia South East,*Total Asia South East,"32,768","6,531","2,358","2,296",513,571,138,"26,892"
2012 Q4,EU 14,*Total EU 14,3,1,1,0,0,0,0,2
2012 Q4,EU 2,*Total EU 2,3,2,2,0,0,0,0,1
2012 Q4,EU 8,*Total EU 8,3,1,0,0,0,0,0,3
2012 Q4,EU Other,*Total EU Other,138,81,26,8,4,15,2,83
2012 Q4,Europe Other,*Total Europe Other,"82,136","7,099","1,253","1,134","3,202",429,154,"75,964"
2012 Q4,Middle East,*Total Middle East,"57,255","7,796",521,"4,030","2,309",433,76,"49,886"
2012 Q4,Oceania,*Total Oceania,"5,349","5,039","4,221",197,53,199,176,503
2012 Q4,Other,*Total Other,"1,394",288,6,6,3,94,0,"1,285"
2013 Q1,*Total,*Total,"458,263","86,505","35,782","18,779","14,033","7,344","2,543","379,782"
2013 Q1,Africa North,*Total Africa North,"21,769","3,512",662,906,"1,131",416,25,"18,629"
2013 Q1,Africa Sub-Saharan,*Total Africa Sub-Saharan,"59,476","9,174","1,721","2,914","1,035","1,529",257,"52,020"
2013 Q1,America North,*Total America North,"7,148","6,840","4,211",807,83,458,996,593
2013 Q1,America Central and South,*Total America Central and South,"10,609","3,551","1,131",730,708,378,110,"7,552"
2013 Q1,Asia Central,*Total Asia Central,"4,158",969,80,217,360,119,41,"3,341"
2013 Q1,Asia East,*Total Asia East,"48,046","9,785","2,953","3,552","2,249",392,276,"38,624"
2013 Q1,Asia South,*Total Asia South,"109,230","24,600","14,527","3,978",959,"2,391",372,"87,003"
2013 Q1,Asia South East,*Total Asia South East,"38,352","6,435","2,330","1,585","1,413",567,102,"32,355"
2013 Q1,EU 14,*Total EU 14,3,0,0,0,0,0,0,3
2013 Q1,EU 2,*Total EU 2,4,4,3,0,0,1,0,0
2013 Q1,EU 8,*Total EU 8,1,0,0,0,0,0,0,1
2013 Q1,EU Other,*Total EU Other,129,64,31,6,5,5,1,81
2013 Q1,Europe Other,*Total Europe Other,"85,738","6,962","1,512",635,"3,304",427,123,"79,737"
2013 Q1,Middle East,*Total Middle East,"65,426","7,681",540,"3,380","2,755",464,58,"58,229"
2013 Q1,Oceania,*Total Oceania,"7,001","6,703","6,070",58,22,171,182,498
2013 Q1,Other,*Total Other,"1,173",225,11,11,9,26,0,"1,116"
2013 Q2,*Total,*Total,"810,151","122,807","43,996","30,155","27,908","7,344","3,258","697,490"
2013 Q2,Africa North,*Total Africa North,"27,891","3,626",831,734,"1,198",339,24,"24,765"
2013 Q2,Africa Sub-Saharan,*Total Africa Sub-Saharan,"91,449","8,065","2,221","1,118","1,370","1,170",212,"85,358"
2013 Q2,America North,*Total America North,"10,838","10,382","6,015","1,763",78,519,"1,483",980
2013 Q2,America Central and South,*Total America Central and South,"18,233","3,930",897,788,"1,141",369,86,"14,952"
2013 Q2,Asia Central,*Total Asia Central,"8,514","1,264",118,123,663,133,30,"7,447"
2013 Q2,Asia East,*Total Asia East,"141,243","29,300","3,891","18,644","5,533",477,299,"112,399"
2013 Q2,Asia South,*Total Asia South,"193,098","25,650","16,784","1,618","1,868","2,362",328,"170,138"
2013 Q2,Asia South East,*Total Asia South East,"51,578","9,278","4,470","2,182","1,005",828,207,"42,886"
2013 Q2,EU 14,*Total EU 14,1,1,0,0,0,0,0,1
2013 Q2,EU 2,*Total EU 2,8,7,5,0,1,0,0,2
2013 Q2,EU 8,*Total EU 8,1,0,0,0,0,0,0,1
2013 Q2,EU Other,*Total EU Other,157,60,39,2,2,1,1,112
2013 Q2,Europe Other,*Total Europe Other,"150,522","15,352","1,954",664,"10,481",433,180,"136,810"
2013 Q2,Middle East,*Total Middle East,"107,612","8,667",635,"2,382","4,533",441,170,"99,451"
2013 Q2,Oceania,*Total Oceania,"7,436","6,986","6,115",134,24,244,236,683
2013 Q2,Other,*Total Other,"1,570",239,21,3,11,28,2,"1,505"
2013 Q3,*Total,*Total,"782,822","233,095","42,949","144,672","22,815","9,381","3,369","559,636"
2013 Q3,Africa North,*Total Africa North,"22,961","5,426",793,"2,353","1,343",437,46,"17,989"
2013 Q3,Africa Sub-Saharan,*Total Africa Sub-Saharan,"101,295","18,605","2,291","10,913","1,557","1,642",291,"84,601"
2013 Q3,America North,*Total America North,"23,394","23,077","7,191","13,352",190,667,"1,175",819
2013 Q3,America Central and South,*Total America Central and South,"18,200","8,101","1,031","5,089",913,374,112,"10,681"
2013 Q3,Asia Central,*Total Asia Central,"7,160","2,972",128,"1,491",740,294,91,"4,416"
2013 Q3,Asia East,*Total Asia East,"162,884","66,924","3,899","57,301","4,506",443,336,"96,399"
2013 Q3,Asia South,*Total Asia South,"149,971","38,243","16,843","13,254","1,284","3,096",469,"115,025"
2013 Q3,Asia South East,*Total Asia South East,"62,428","24,052","3,558","18,240",878,664,188,"38,900"
2013 Q3,EU 14,*Total EU 14,7,5,1,1,0,0,0,5
2013 Q3,EU 2,*Total EU 2,8,6,4,0,1,0,1,2
2013 Q3,EU 8,*Total EU 8,0,0,0,0,0,0,0,0
2013 Q3,EU Other,*Total EU Other,92,31,4,4,2,1,0,81
2013 Q3,Europe Other,*Total Europe Other,"105,863","19,179","1,985","7,705","7,653",690,230,"87,600"
2013 Q3,Middle East,*Total Middle East,"120,263","19,952",965,"13,901","3,647",605,181,"100,964"
2013 Q3,Oceania,*Total Oceania,"6,556","6,204","4,244","1,025",79,432,247,529
2013 Q3,Other,*Total Other,"1,740",318,12,43,22,36,2,"1,625"
2013 Q4,*Total,*Total,"445,252","89,643","32,033","25,019","12,845","9,093","2,550","363,712"
2013 Q4,Africa North,*Total Africa North,"22,033","4,215",652,"1,220","1,499",418,32,"18,212"
2013 Q4,Africa Sub-Saharan,*Total Africa Sub-Saharan,"64,202","9,797","1,815","3,464",990,"1,586",328,"56,019"
2013 Q4,America North,*Total America North,"7,801","7,588","3,832","2,104",102,642,661,460
2013 Q4,America Central and South,*Total America Central and South,"11,035","4,588",664,"1,832",938,454,107,"7,040"
2013 Q4,Asia Central,*Total Asia Central,"5,664","1,549",103,454,477,202,110,"4,318"
2013 Q4,Asia East,*Total Asia East,"58,609","9,648","2,521","4,008","1,938",534,276,"49,332"
2013 Q4,Asia South,*Total Asia South,"83,293","23,387","13,481","3,588",771,"2,813",440,"62,200"
2013 Q4,Asia South East,*Total Asia South East,"34,209","6,717","2,464","2,538",536,641,123,"27,907"
2013 Q4,EU 14,*Total EU 14,2,2,1,0,0,0,0,1
2013 Q4,EU 2,*Total EU 2,1,0,0,0,0,0,0,1
2013 Q4,EU 8,*Total EU 8,2,0,0,0,0,0,0,2
2013 Q4,EU Other,*Total EU Other,98,31,11,2,1,0,0,84
2013 Q4,Europe Other,*Total Europe Other,"85,892","7,169","1,399","1,050","2,984",586,139,"79,734"
2013 Q4,Middle East,*Total Middle East,"65,225","9,200",761,"4,548","2,545",689,91,"56,591"
2013 Q4,Oceania,*Total Oceania,"5,774","5,517","4,319",203,59,475,242,476
2013 Q4,Other,*Total Other,"1,412",235,10,8,5,53,1,"1,335"
2014 Q1,*Total,*Total,"475,474","92,141","37,344","19,062","15,816","9,389","2,474","391,389"
2014 Q1,Africa North,*Total Africa North,"21,767","5,224",702,"1,507","2,161",437,34,"16,926"
2014 Q1,Africa Sub-Saharan,*Total Africa Sub-Saharan,"53,483","8,377","1,679","2,391","1,042","1,494",245,"46,632"
2014 Q1,America North,*Total America North,"6,319","6,099","4,023",633,72,409,749,433
2014 Q1,America Central and South,*Total America Central and South,"9,975","3,405","1,123",646,732,342,67,"7,065"
2014 Q1,Asia Central,*Total Asia Central,"4,659","1,160",125,259,358,218,66,"3,633"
2014 Q1,Asia East,*Total Asia East,"59,469","9,993","3,077","3,258","2,390",459,336,"49,949"
2014 Q1,Asia South,*Total Asia South,"111,562","27,796","16,118","3,951",983,"3,471",420,"86,619"
2014 Q1,Asia South East,*Total Asia South East,"41,286","6,918","2,625","1,558","1,647",619,149,"34,688"
2014 Q1,EU 14,*Total EU 14,0,0,0,0,0,0,0,0
2014 Q1,EU 2,*Total EU 2,0,0,0,0,0,0,0,0
2014 Q1,EU 8,*Total EU 8,2,0,0,0,0,0,0,2
2014 Q1,EU Other,*Total EU Other,44,5,0,0,0,0,0,44
2014 Q1,Europe Other,*Total Europe Other,"95,691","7,434","1,471",580,"3,611",668,177,"89,184"
2014 Q1,Middle East,*Total Middle East,"63,088","8,852",702,"4,170","2,788",719,75,"54,634"
2014 Q1,Oceania,*Total Oceania,"6,583","6,350","5,685",107,23,210,154,404
2014 Q1,Other,*Total Other,"1,546",528,14,2,9,343,2,"1,176"
2014 Q2,*Total,*Total,"764,776","123,625","46,905","29,486","26,599","7,801","2,969","651,016"
2014 Q2,Africa North,*Total Africa North,"25,405","5,277",919,968,"2,368",274,24,"20,852"
2014 Q2,Africa Sub-Saharan,*Total Africa Sub-Saharan,"87,061","7,716","2,283","1,050","1,154","1,151",212,"81,211"
2014 Q2,America North,*Total America North,"10,415","9,907","6,239","1,566",40,489,"1,171",910
2014 Q2,America Central and South,*Total America Central and South,"21,815","5,150","1,111","1,648","1,338",359,106,"17,253"
2014 Q2,Asia Central,*Total Asia Central,"8,725","1,277",146,138,522,251,113,"7,555"
2014 Q2,Asia East,*Total Asia East,"146,442","28,834","4,656","17,403","5,348",496,365,"118,174"
2014 Q2,Asia South,*Total Asia South,"186,304","27,268","17,640","1,545","1,865","2,874",338,"162,042"
2014 Q2,Asia South East,*Total Asia South East,"53,019","8,745","3,954","2,030","1,554",546,149,"44,786"
2014 Q2,EU 14,*Total EU 14,1,0,0,0,0,0,0,1
2014 Q2,EU 2,*Total EU 2,9,5,0,0,0,0,0,9
2014 Q2,EU 8,*Total EU 8,2,1,1,0,0,0,0,1
2014 Q2,EU Other,*Total EU Other,48,19,0,0,1,1,0,46
2014 Q2,Europe Other,*Total Europe Other,"124,797","12,097","1,771",464,"8,518",381,143,"113,520"
2014 Q2,Middle East,*Total Middle East,"90,509","8,803",746,"2,520","3,864",608,135,"82,636"
2014 Q2,Oceania,*Total Oceania,"8,705","8,215","7,416",151,17,239,213,669
2014 Q2,Other,*Total Other,"1,519",311,23,3,10,132,0,"1,351"
2014 Q3,*Total,*Total,"771,008","237,703","45,208","149,273","20,217","8,315","3,148","544,847"
2014 Q3,Africa North,*Total Africa North,"24,816","5,619",946,"2,434","1,382",369,38,"19,647"
2014 Q3,Africa Sub-Saharan,*Total Africa Sub-Saharan,"95,200","17,981","2,413","10,644","1,272","1,201",216,"79,454"
2014 Q3,America North,*Total America North,"23,300","22,855","7,154","13,113",205,864,"1,094",870
2014 Q3,America Central and South,*Total America Central and South,"24,872","9,519","1,181","5,941","1,225",414,105,"16,006"
2014 Q3,Asia Central,*Total Asia Central,"6,933","2,802",179,"1,489",519,187,76,"4,483"
2014 Q3,Asia East,*Total Asia East,"178,168","70,052","4,158","60,010","4,465",415,433,"108,687"
2014 Q3,Asia South,*Total Asia South,"150,645","38,325","17,535","12,918","1,254","2,418",370,"116,150"
2014 Q3,Asia South East,*Total Asia South East,"63,872","25,698","3,976","19,311",808,889,207,"38,681"
2014 Q3,EU 14,*Total EU 14,2,1,0,1,0,0,0,1
2014 Q3,EU 2,*Total EU 2,1,1,1,0,0,0,0,0
2014 Q3,EU 8,*Total EU 8,3,1,0,0,0,0,0,3
2014 Q3,EU Other,*Total EU Other,87,40,12,6,1,0,0,68
2014 Q3,Europe Other,*Total Europe Other,"93,961","17,262","2,081","7,392","5,807",665,231,"77,785"
2014 Q3,Middle East,*Total Middle East,"100,473","20,814",963,"14,918","3,156",563,145,"80,728"
2014 Q3,Oceania,*Total Oceania,"6,868","6,492","4,600","1,061",110,303,233,561
2014 Q3,Other,*Total Other,"1,807",241,9,35,13,27,0,"1,723"
2014 Q4,*Total,*Total,"437,305","92,608","37,690","22,220","10,975","9,371","2,474","354,575"
2014 Q4,Africa North,*Total Africa North,"18,557","3,217",681,"1,159",556,387,22,"15,752"
2014 Q4,Africa Sub-Saharan,*Total Africa Sub-Saharan,"62,473","8,748","1,761","2,585",791,"1,395",263,"55,678"
2014 Q4,America North,*Total America North,"8,561","8,226","4,409","2,098",139,614,721,580
2014 Q4,America Central and South,*Total America Central and South,"13,138","3,759",789,815,899,463,85,"10,087"
2014 Q4,Asia Central,*Total Asia Central,"5,265","1,336",142,281,260,295,90,"4,197"
2014 Q4,Asia East,*Total Asia East,"66,679","11,171","3,813","4,265","1,983",437,349,"55,832"
2014 Q4,Asia South,*Total Asia South,"91,815","26,437","15,770","2,428",951,"3,534",362,"68,770"
2014 Q4,Asia South East,*Total Asia South East,"37,009","6,743","2,451","2,506",539,655,169,"30,689"
2014 Q4,EU 14,*Total EU 14,1,1,0,0,0,0,0,1
2014 Q4,EU 2,*Total EU 2,0,0,0,0,0,0,0,0
2014 Q4,EU 8,*Total EU 8,0,0,0,0,0,0,0,0
2014 Q4,EU Other,*Total EU Other,71,27,1,0,1,2,0,67
2014 Q4,Europe Other,*Total Europe Other,"74,025","7,159","1,724",949,"2,554",669,147,"67,982"
2014 Q4,Middle East,*Total Middle East,"51,672","9,246",785,"4,862","2,205",668,70,"43,082"
2014 Q4,Oceania,*Total Oceania,"6,584","6,313","5,353",262,86,207,195,481
2014 Q4,Other,*Total Other,"1,455",225,11,10,11,45,1,"1,377"
2015 Q1,*Total,*Total,"460,054","89,356","41,218","15,393","10,979","9,097","2,308","381,059"
2015 Q1,Africa North,*Total Africa North,"17,606","3,308",645,814,591,365,16,"15,175"
2015 Q1,Africa Sub-Saharan,*Total Africa Sub-Saharan,"56,581","8,642","1,903","2,657",801,"1,380",285,"49,555"
2015 Q1,America North,*Total America North,"7,034","6,627","4,277",713,83,645,633,683
2015 Q1,America Central and South,*Total America Central and South,"12,745","3,527","1,290",408,849,364,55,"9,779"
2015 Q1,Asia Central,*Total Asia Central,"4,063","1,112",116,205,216,272,49,"3,205"
2015 Q1,Asia East,*Total Asia East,"66,963","10,624","3,644","3,140","2,407",581,394,"56,797"
2015 Q1,Asia South,*Total Asia South,"116,890","27,064","16,621","2,088","1,021","3,253",334,"93,573"
2015 Q1,Asia South East,*Total Asia South East,"42,321","6,124","2,833","1,375",631,725,180,"36,577"
2015 Q1,EU 14,*Total EU 14,0,0,0,0,0,0,0,0
2015 Q1,EU 2,*Total EU 2,1,0,0,0,0,0,0,1
2015 Q1,EU 8,*Total EU 8,0,0,0,0,0,0,0,0
2015 Q1,EU Other,*Total EU Other,48,17,3,0,0,0,0,45
2015 Q1,Europe Other,*Total Europe Other,"67,821","5,897","1,630",442,"2,006",552,144,"63,047"
2015 Q1,Middle East,*Total Middle East,"58,113","7,811",596,"3,458","2,343",647,25,"51,044"
2015 Q1,Oceania,*Total Oceania,"8,775","8,416","7,645",88,23,277,193,549
2015 Q1,Other,*Total Other,"1,093",187,15,5,8,36,0,"1,029"
2015 Q2,*Total,*Total,"793,263","118,697","44,389","29,821","21,981","8,376","2,970","685,726"
2015 Q2,Africa North,*Total Africa North,"23,060","3,020",835,478,751,464,24,"20,508"
2015 Q2,Africa Sub-Saharan,*Total Africa Sub-Saharan,"81,841","6,716","2,012",781,968,946,280,"76,854"
2015 Q2,America North,*Total America North,"10,067","9,459","5,911","1,292",78,599,"1,132","1,055"
2015 Q2,America Central and South,*Total America Central and South,"23,587","4,029",997,661,"1,085",412,95,"20,337"
2015 Q2,Asia Central,*Total Asia Central,"7,937","1,235",95,100,480,350,56,"6,856"
2015 Q2,Asia East,*Total Asia East,"183,283","32,284","3,968","20,903","6,005",457,319,"151,631"
2015 Q2,Asia South,*Total Asia South,"206,647","27,099","16,858",740,"2,004","3,086",374,"183,585"
2015 Q2,Asia South East,*Total Asia South East,"55,847","9,429","4,558","2,087","1,264",683,173,"47,082"
2015 Q2,EU 14,*Total EU 14,1,1,0,0,0,0,1,0
2015 Q2,EU 2,*Total EU 2,0,0,0,0,0,0,0,0
2015 Q2,EU 8,*Total EU 8,5,0,0,0,0,0,0,5
2015 Q2,EU Other,*Total EU Other,63,24,0,0,0,0,0,63
2015 Q2,Europe Other,*Total Europe Other,"98,215","9,161","1,417",478,"5,672",452,163,"90,033"
2015 Q2,Middle East,*Total Middle East,"92,481","8,014",630,"2,161","3,621",657,99,"85,313"
2015 Q2,Oceania,*Total Oceania,"8,554","8,004","7,087",139,42,241,253,792
2015 Q2,Other,*Total Other,"1,675",222,21,1,11,29,1,"1,612"
2015 Q3,*Total,*Total,"780,027","234,506","45,115","146,004","18,240","9,680","2,482","558,506"
2015 Q3,Africa North,*Total Africa North,"23,946","4,847",883,"2,172",752,528,23,"19,588"
2015 Q3,Africa Sub-Saharan,*Total Africa Sub-Saharan,"92,285","16,610","2,107","9,712","1,110","1,121",328,"77,907"
2015 Q3,America North,*Total America North,"23,501","23,014","7,445","13,510",430,599,430,"1,087"
2015 Q3,America Central and South,*Total America Central and South,"24,375","9,369","1,333","5,930",841,398,106,"15,767"
2015 Q3,Asia Central,*Total Asia Central,"6,845","2,514",118,"1,432",351,269,43,"4,632"
2015 Q3,Asia East,*Total Asia East,"206,769","72,888","4,233","62,047","5,196",444,404,"134,445"
2015 Q3,Asia South,*Total Asia South,"152,247","39,032","17,134","11,768","1,320","3,579",393,"118,053"
2015 Q3,Asia South East,*Total Asia South East,"63,851","24,951","3,892","18,761",702,760,246,"39,490"
2015 Q3,EU 14,*Total EU 14,1,1,0,0,0,0,0,1
2015 Q3,EU 2,*Total EU 2,0,0,0,0,0,0,0,0
2015 Q3,EU 8,*Total EU 8,1,1,0,1,0,0,0,0
2015 Q3,EU Other,*Total EU Other,75,40,17,4,0,0,0,54
2015 Q3,Europe Other,*Total Europe Other,"77,993","14,580","2,047","6,431","4,017",633,192,"64,673"
2015 Q3,Middle East,*Total Middle East,"98,564","19,259",760,"13,055","3,333","1,096",78,"80,242"
2015 Q3,Oceania,*Total Oceania,"7,635","7,121","5,130","1,140",169,216,239,741
2015 Q3,Other,*Total Other,"1,939",279,16,41,19,37,0,"1,826"
2015 Q4,*Total,*Total,"435,003","91,448","35,178","19,093","11,408","10,566","2,030","356,728"
2015 Q4,Africa North,*Total Africa North,"18,928","2,893",646,589,472,551,17,"16,653"
2015 Q4,Africa Sub-Saharan,*Total Africa Sub-Saharan,"58,622","8,553","1,724","2,536",691,"1,257",290,"52,124"
2015 Q4,America North,*Total America North,"7,768","7,413","3,907","1,964",362,648,238,649
2015 Q4,America Central and South,*Total America Central and South,"13,106","3,671",862,558,946,429,53,"10,258"
2015 Q4,Asia Central,*Total Asia Central,"4,135",955,77,230,207,223,36,"3,362"
2015 Q4,Asia East,*Total Asia East,"71,715","11,745","3,196","4,638","2,363",522,383,"60,613"
2015 Q4,Asia South,*Total Asia South,"90,594","25,016","14,410","1,826",969,"4,002",406,"68,981"
2015 Q4,Asia South East,*Total Asia South East,"37,506","6,797","2,966","1,900",441,804,162,"31,233"
2015 Q4,EU 14,*Total EU 14,3,2,0,0,0,0,0,3
2015 Q4,EU 2,*Total EU 2,1,1,1,0,0,0,0,0
2015 Q4,EU 8,*Total EU 8,4,1,0,0,0,0,0,4
2015 Q4,EU Other,*Total EU Other,50,17,0,0,1,0,0,49
2015 Q4,Europe Other,*Total Europe Other,"67,080","6,436","1,448",726,"2,088",710,177,"61,931"
2015 Q4,Middle East,*Total Middle East,"57,292","11,259",637,"3,860","2,710","1,089",51,"48,945"
2015 Q4,Oceania,*Total Oceania,"6,698","6,445","5,295",248,143,285,215,512
2015 Q4,Other,*Total Other,"1,501",244,9,18,15,46,2,"1,411"
2016 Q1,*Total,*Total,"445,860","86,491","39,191","11,202","13,226","9,449","1,748","371,044"
2016 Q1,Africa North,*Total Africa North,"17,615","2,842",723,374,689,635,14,"15,180"
2016 Q1,Africa Sub-Saharan,*Total Africa Sub-Saharan,"44,352","7,994","1,964","1,724",781,"1,421",344,"38,118"
2016 Q1,America North,*Total America North,"5,994","5,516","3,803",529,109,571,205,777
2016 Q1,America Central and South,*Total America Central and South,"12,520","3,720","1,351",326,797,434,60,"9,552"
2016 Q1,Asia Central,*Total Asia Central,"3,404",918,92,122,184,247,34,"2,725"
2016 Q1,Asia East,*Total Asia East,"75,071","9,852","3,464","2,718","2,240",411,298,"65,940"
2016 Q1,Asia South,*Total Asia South,"119,398","26,010","15,902","1,387","1,146","3,302",265,"97,396"
2016 Q1,Asia South East,*Total Asia South East,"44,785","7,375","3,023","1,022","1,986",725,143,"37,886"
2016 Q1,EU 14,*Total EU 14,1,1,0,0,0,0,0,1
2016 Q1,EU 2,*Total EU 2,0,0,0,0,0,0,0,0
2016 Q1,EU 8,*Total EU 8,0,0,0,0,0,0,0,0
2016 Q1,EU Other,*Total EU Other,70,25,2,0,2,2,0,64
2016 Q1,Europe Other,*Total Europe Other,"62,202","6,356","1,217",366,"2,760",489,163,"57,207"
2016 Q1,Middle East,*Total Middle East,"51,015","7,857",622,"2,552","2,482",881,51,"44,427"
2016 Q1,Oceania,*Total Oceania,"8,165","7,809","7,016",76,31,297,167,578
2016 Q1,Other,*Total Other,"1,268",216,12,6,19,34,4,"1,193"
2016 Q2,*Total,*Total,"799,736","141,249","47,106","28,516","39,630","8,954","2,038","673,492"
2016 Q2,Africa North,*Total Africa North,"21,684","3,150",862,230,"1,058",438,19,"19,077"
2016 Q2,Africa Sub-Saharan,*Total Africa Sub-Saharan,"70,637","7,176","2,093",591,896,"1,337",339,"65,381"
2016 Q2,America North,*Total America North,"9,786","9,245","5,880","1,638",218,560,376,"1,114"
2016 Q2,America Central and South,*Total America Central and South,"21,750","4,351","1,200",407,"1,247",424,74,"18,398"
2016 Q2,Asia Central,*Total Asia Central,"5,990","1,826",68,126,"1,181",226,23,"4,366"
2016 Q2,Asia East,*Total Asia East,"211,015","34,362","4,010","20,544","8,342",396,268,"177,455"
2016 Q2,Asia South,*Total Asia South,"210,704","29,956","18,241",708,"2,291","3,099",283,"186,082"
2016 Q2,Asia South East,*Total Asia South East,"64,032","11,307","5,733","1,866","2,022",827,196,"53,388"
2016 Q2,EU 14,*Total EU 14,1,1,0,0,0,0,0,1
2016 Q2,EU 2,*Total EU 2,0,0,0,0,0,0,0,0
2016 Q2,EU 8,*Total EU 8,2,0,0,0,0,0,0,2
2016 Q2,EU Other,*Total EU Other,60,30,2,0,3,1,0,54
2016 Q2,Europe Other,*Total Europe Other,"99,630","20,222","1,652",544,"16,057",440,230,"80,707"
2016 Q2,Middle East,*Total Middle East,"74,595","11,876",794,"1,720","6,253",841,43,"64,944"
2016 Q2,Oceania,*Total Oceania,"8,046","7,498","6,558",141,50,313,187,797
2016 Q2,Other,*Total Other,"1,804",249,13,1,12,52,0,"1,726"
2016 Q3,*Total,*Total,"772,410","239,945","43,096","148,639","22,056","9,307","2,293","547,019"
2016 Q3,Africa North,*Total Africa North,"23,296","5,229",834,"2,228","1,046",641,35,"18,512"
2016 Q3,Africa Sub-Saharan,*Total Africa Sub-Saharan,"69,537","15,002","2,194","8,169",766,"1,280",349,"56,779"
2016 Q3,America North,*Total America North,"22,015","21,501","6,334","13,238",551,530,332,"1,030"
2016 Q3,America Central and South,*Total America Central and South,"19,326","7,841","1,120","4,652",781,387,90,"12,296"
2016 Q3,Asia Central,*Total Asia Central,"5,465","2,268",101,"1,280",393,270,24,"3,397"
2016 Q3,Asia East,*Total Asia East,"232,985","80,397","4,534","68,273","5,994",404,410,"153,370"
2016 Q3,Asia South,*Total Asia South,"158,940","38,870","17,001","12,487","1,391","3,009",314,"124,738"
2016 Q3,Asia South East,*Total Asia South East,"65,836","24,303","3,985","17,827",923,749,176,"42,176"
2016 Q3,EU 14,*Total EU 14,3,3,0,1,0,0,1,1
2016 Q3,EU 2,*Total EU 2,1,1,0,0,0,0,1,0
2016 Q3,EU 8,*Total EU 8,2,0,0,0,0,0,0,2
2016 Q3,EU Other,*Total EU Other,89,39,10,1,1,0,0,77
2016 Q3,Europe Other,*Total Europe Other,"76,499","15,790","1,769","5,946","5,763",576,309,"62,136"
2016 Q3,Middle East,*Total Middle East,"89,780","22,252",923,"13,395","4,252","1,160",92,"69,958"
2016 Q3,Oceania,*Total Oceania,"6,538","6,162","4,280","1,103",175,229,160,591
2016 Q3,Other,*Total Other,"2,098",287,11,39,20,72,0,"1,956"
2016 Q4,*Total,*Total,"460,967","90,152","34,529","18,744","12,441","10,082","1,946","383,225"
2016 Q4,Africa North,*Total Africa North,"19,244","2,974",725,621,653,468,31,"16,746"
2016 Q4,Africa Sub-Saharan,*Total Africa Sub-Saharan,"51,550","8,256","1,746","2,223",539,"1,556",336,"45,150"
2016 Q4,America North,*Total America North,"7,643","7,340","3,733","2,001",358,808,185,558
2016 Q4,America Central and South,*Total America Central and South,"12,565","3,693",808,508,"1,097",426,37,"9,689"
2016 Q4,Asia Central,*Total Asia Central,"4,509",988,73,214,285,200,31,"3,706"
2016 Q4,Asia East,*Total Asia East,"99,675","12,334","3,286","4,754","2,955",477,358,"87,845"
2016 Q4,Asia South,*Total Asia South,"96,943","24,964","14,157","2,161","1,079","3,528",301,"75,717"
2016 Q4,Asia South East,*Total Asia South East,"45,516","6,903","3,142","1,853",522,781,145,"39,073"
2016 Q4,EU 14,*Total EU 14,1,1,1,0,0,0,0,0
2016 Q4,EU 2,*Total EU 2,0,0,0,0,0,0,0,0
2016 Q4,EU 8,*Total EU 8,3,2,0,0,0,1,0,2
2016 Q4,EU Other,*Total EU Other,66,21,1,1,0,3,0,61
2016 Q4,Europe Other,*Total Europe Other,"73,618","7,365","1,575",677,"2,831",533,308,"67,694"
2016 Q4,Middle East,*Total Middle East,"42,087","9,448",630,"3,468","1,984","1,037",40,"34,928"
2016 Q4,Oceania,*Total Oceania,"6,081","5,671","4,646",256,126,231,173,649
2016 Q4,Other,*Total Other,"1,466",192,6,7,12,33,1,"1,407"
2017 Q1,*Total,*Total,"513,958","93,319","39,387","12,913","15,755","10,120","2,057","433,726"
2017 Q1,Africa North,*Total Africa North,"18,237","2,768",825,385,503,588,20,"15,916"
2017 Q1,Africa Sub-Saharan,*Total Africa Sub-Saharan,"46,226","8,326","1,925","1,721",715,"1,652",338,"39,875"
2017 Q1,America North,*Total America North,"5,955","5,544","3,720",596,113,640,166,720
2017 Q1,America Central and South,*Total America Central and South,"14,382","3,720","1,175",312,941,422,43,"11,489"
2017 Q1,Asia Central,*Total Asia Central,"4,070","1,039",79,114,323,284,36,"3,234"
2017 Q1,Asia East,*Total Asia East,"105,172","11,541","3,465","3,457","3,089",468,307,"94,386"
2017 Q1,Asia South,*Total Asia South,"129,529","27,589","16,130","2,076","1,285","3,506",370,"106,162"
2017 Q1,Asia South East,*Total Asia South East,"56,788","7,983","3,366","1,072","2,118",793,171,"49,268"
2017 Q1,EU 14,*Total EU 14,10,9,0,0,0,1,0,9
2017 Q1,EU 2,*Total EU 2,0,0,0,0,0,0,0,0
2017 Q1,EU 8,*Total EU 8,2,2,0,0,0,1,0,1
2017 Q1,EU Other,*Total EU Other,17,4,0,0,1,0,0,16
2017 Q1,Europe Other,*Total Europe Other,"78,194","8,208","1,527",359,"3,988",562,418,"71,340"
2017 Q1,Middle East,*Total Middle East,"46,065","9,004",565,"2,723","2,647",901,27,"39,202"
2017 Q1,Oceania,*Total Oceania,"7,830","7,378","6,594",92,20,263,161,700
2017 Q1,Other,*Total Other,"1,481",204,16,6,12,39,0,"1,408"
2017 Q2,*Total,*Total,"885,794","154,003","46,582","33,433","53,204","7,383","1,818","743,374"
2017 Q2,Africa North,*Total Africa North,"20,681","3,326",984,229,"1,222",432,28,"17,786"
2017 Q2,Africa Sub-Saharan,*Total Africa Sub-Saharan,"70,819","7,512","2,239",596,840,"1,487",392,"65,265"
2017 Q2,America North,*Total America North,"9,642","8,982","5,733","1,728",144,585,324,"1,128"
2017 Q2,America Central and South,*Total America Central and South,"23,212","3,974","1,052",322,"1,347",412,64,"20,015"
2017 Q2,Asia Central,*Total Asia Central,"7,023","2,259",95,82,"1,742",155,37,"4,912"
2017 Q2,Asia East,*Total Asia East,"251,546","45,358","4,424","25,637","14,009",211,244,"207,021"
2017 Q2,Asia South,*Total Asia South,"233,529","26,778","17,968",899,"2,724","2,323",248,"209,367"
2017 Q2,Asia South East,*Total Asia South East,"70,167","11,164","6,105","1,641","2,333",471,126,"59,491"
2017 Q2,EU 14,*Total EU 14,4,4,0,2,1,0,0,1
2017 Q2,EU 2,*Total EU 2,5,0,0,0,0,0,0,5
2017 Q2,EU 8,*Total EU 8,2,2,1,1,0,0,0,0
2017 Q2,EU Other,*Total EU Other,5,5,1,0,0,0,0,4
2017 Q2,Europe Other,*Total Europe Other,"119,317","26,583","1,529",476,"22,573",382,179,"94,178"
2017 Q2,Middle East,*Total Middle East,"71,187","11,489",778,"1,670","6,184",734,48,"61,773"
2017 Q2,Oceania,*Total Oceania,"6,818","6,356","5,659",148,46,168,127,670
2017 Q2,Other,*Total Other,"1,837",211,14,2,39,23,1,"1,758"
2017 Q3,*Total,*Total,"822,658","252,444","43,885","159,302","24,404","10,254","2,803","582,010"
2017 Q3,Africa North,*Total Africa North,"22,037","5,611","1,014","2,373","1,201",529,47,"16,873"
2017 Q3,Africa Sub-Saharan,*Total Africa Sub-Saharan,"80,829","15,144","2,314","8,017",919,"1,786",462,"67,331"
2017 Q3,America North,*Total America North,"23,126","22,622","6,315","14,170",423,887,331,"1,000"
2017 Q3,America Central and South,*Total America Central and South,"21,875","8,685","1,442","4,869",954,501,78,"14,031"
2017 Q3,Asia Central,*Total Asia Central,"6,231","2,246",102,"1,203",461,266,36,"4,163"
2017 Q3,Asia East,*Total Asia East,"247,105","87,730","4,559","74,641","6,626",497,559,"160,223"
2017 Q3,Asia South,*Total Asia South,"180,380","40,974","16,627","15,715","1,566","3,180",398,"142,894"
2017 Q3,Asia South East,*Total Asia South East,"69,814","23,496","4,088","16,954","1,137",691,93,"46,851"
2017 Q3,EU 14,*Total EU 14,2,2,0,1,0,1,0,0
2017 Q3,EU 2,*Total EU 2,7,0,0,0,0,0,0,7
2017 Q3,EU 8,*Total EU 8,2,1,0,0,0,1,0,1
2017 Q3,EU Other,*Total EU Other,10,9,0,2,0,0,0,8
2017 Q3,Europe Other,*Total Europe Other,"85,616","17,366","1,974","6,212","6,926",615,515,"69,374"
2017 Q3,Middle East,*Total Middle East,"76,840","21,976",910,"14,046","4,039",998,131,"56,716"
2017 Q3,Oceania,*Total Oceania,"6,667","6,299","4,525","1,063",131,248,151,549
2017 Q3,Other,*Total Other,"2,117",283,15,36,21,54,2,"1,989"
2017 Q4,*Total,*Total,"487,940","95,426","35,277","17,888","13,571","12,951","2,258","405,995"
2017 Q4,Africa North,*Total Africa North,"19,577","3,102",894,466,557,694,43,"16,923"
2017 Q4,Africa Sub-Saharan,*Total Africa Sub-Saharan,"60,199","8,653","2,009","1,792",587,"1,956",419,"53,436"
2017 Q4,America North,*Total America North,"7,307","7,022","3,853","1,813",234,712,160,535
2017 Q4,America Central and South,*Total America Central and South,"12,882","3,951",850,537,"1,168",492,69,"9,766"
2017 Q4,Asia Central,*Total Asia Central,"4,872","1,229",89,167,352,322,39,"3,903"
2017 Q4,Asia East,*Total Asia East,"89,599","13,221","3,266","4,918","3,660",487,321,"76,947"
2017 Q4,Asia South,*Total Asia South,"111,732","28,911","14,134","2,500","1,234","5,318",512,"88,034"
2017 Q4,Asia South East,*Total Asia South East,"47,822","7,679","3,632","1,720",659,966,157,"40,688"
2017 Q4,EU 14,*Total EU 14,6,5,5,0,0,0,0,1
2017 Q4,EU 2,*Total EU 2,8,1,0,0,0,0,0,8
2017 Q4,EU 8,*Total EU 8,3,2,1,0,0,0,0,2
2017 Q4,EU Other,*Total EU Other,6,5,0,0,0,0,0,6
2017 Q4,Europe Other,*Total Europe Other,"83,825","7,947","1,766",638,"2,968",719,358,"77,376"
2017 Q4,Middle East,*Total Middle East,"43,124","8,406",684,"3,027","2,048",968,41,"36,356"
2017 Q4,Oceania,*Total Oceania,"5,393","5,041","4,080",299,94,246,138,536
2017 Q4,Other,*Total Other,"1,585",251,14,11,10,71,1,"1,478"
2018 Q1,*Total,*Total,"513,649","94,181","37,130","13,216","17,601","10,023","1,509","434,170"
2018 Q1,Africa North,*Total Africa North,"18,642","2,887",722,377,594,647,31,"16,271"
2018 Q1,Africa Sub-Saharan,*Total Africa Sub-Saharan,"50,195","9,862","2,278","1,715",752,"2,282",249,"42,919"
2018 Q1,America North,*Total America North,"5,890","5,490","3,761",628,139,515,190,657
2018 Q1,America Central and South,*Total America Central and South,"13,870","3,676","1,171",312,"1,089",378,56,"10,864"
2018 Q1,Asia Central,*Total Asia Central,"4,447","1,096",88,100,361,205,19,"3,674"
2018 Q1,Asia East,*Total Asia East,"93,164","11,552","3,467","3,509","3,081",325,260,"82,522"
2018 Q1,Asia South,*Total Asia South,"137,977","27,316","14,893","2,834","1,358","3,398",225,"115,269"
2018 Q1,Asia South East,*Total Asia South East,"52,062","7,566","2,978",856,"2,554",619,57,"44,998"
2018 Q1,EU 14,*Total EU 14,3,2,1,0,0,0,0,2
2018 Q1,EU 2,*Total EU 2,1,0,0,0,0,0,0,1
2018 Q1,EU 8,*Total EU 8,1,1,1,0,0,0,0,0
2018 Q1,EU Other,*Total EU Other,3,2,1,0,0,0,0,2
2018 Q1,Europe Other,*Total Europe Other,"86,205","9,171","1,452",399,"4,993",472,303,"78,586"
2018 Q1,Middle East,*Total Middle East,"43,219","9,154",702,"2,410","2,636",910,14,"36,547"
2018 Q1,Oceania,*Total Oceania,"6,466","6,176","5,605",71,32,188,105,465
2018 Q1,Other,*Total Other,"1,504",230,10,5,12,84,0,"1,393"